{"cameraMode":{"drawMode":0,"name":"Shaded","section":"Shading Mode"},"sceneLighting":true,"audioPlay":false,"sceneViewState":{"showFog":true,"showMaterialUpdate":false,"showSkybox":true,"showFlares":true,"showImageEffects":true,"showParticleSystems":true},"in2DMode":false,"pivot":{"x":93.83425903320313,"y":69.255859375,"z":34.9296875},"rotation":{"x":-0.00045389370643533766,"y":0.9931668639183044,"z":-0.11673406511545181,"w":-0.003862079931423068},"size":34.02423095703125,"orthographic":true}